full name,first name,last name
MEGAN C. KASSABAUM,MEGAN C.,KASSABAUM
DEBORAH A. THOMAS,DEBORAH A.,THOMAS
BRIAN J SPOONER,BRIAN J,SPOONER
JANET M. MONGE,JANET M.,MONGE
HAROLD LEWIS DIBBLE,HAROLD LEWIS,DIBBLE
MARIE-CLAUDE BOILEAU,MARIE-CLAUDE,BOILEAU
JAN MORITZ JANSEN,JAN MORITZ,JANSEN
DEBORAH IRENE OLSZEWSKI,DEBORAH IRENE,OLSZEWSKI
ROBERT L SCHUYLER,ROBERT L,SCHUYLER
CLARK LOWDEN ERICKSON,CLARK LOWDEN,ERICKSON
MIRANDA J WEINBERG,MIRANDA J,WEINBERG
ROBERT L SCHUYLER,ROBERT L,SCHUYLER
ROBERT L SCHUYLER,ROBERT L,SCHUYLER
THEODORE G SCHURR,THEODORE G,SCHURR
MARY JENNIFER HASTY,MARY JENNIFER,HASTY
MICHAEL R ZIMMERMAN,MICHAEL R,ZIMMERMAN
TIMOTHY ROMMEN,TIMOTHY,ROMMEN
SHELLEY M.S ZHANG,SHELLEY M.S,ZHANG
TIMOTHY ROMMEN,TIMOTHY,ROMMEN
KATHERINE MATTISON MOORE,KATHERINE MATTISON,MOORE
LINDA J. LEE,LINDA J.,LEE
MAURO F. GUILLEN,MAURO F.,GUILLEN
MARILYNNE DIGGS-THOMPSON,MARILYNNE,DIGGS-THOMPSON
MORGAN K. HOKE,MORGAN K.,HOKE
MICHAEL B JOINER,MICHAEL B,JOINER
AMY BLEAKLEY,AMY,BLEAKLEY
FRANCES K. BARG,FRANCES K.,BARG
ADRIANA PETRYNA,ADRIANA,PETRYNA
RICHARD M. LEVENTHAL,RICHARD M.,LEVENTHAL
CLARK LOWDEN ERICKSON,CLARK LOWDEN,ERICKSON
NORMAN I BADLER,NORMAN I,BADLER
RICHARD L ZETTLER,RICHARD L,ZETTLER
AMY E BROWN,AMY E,BROWN
MELISSA M KAPADIA-BODI,MELISSA M,KAPADIA-BODI
ROBERT B. ST.GEORGE,ROBERT B.,ST.GEORGE
MARILYNNE DIGGS-THOMPSON,MARILYNNE,DIGGS-THOMPSON
SUSANNAH G FISHMAN,SUSANNAH G,FISHMAN
ALESSANDRA MIRRA,ALESSANDRA,MIRRA
EVA DEL SOLDATO,EVA,DEL SOLDATO
KIMBERLY D. BOWES,KIMBERLY D.,BOWES
TALYA FISHMAN,TALYA,FISHMAN
KATHERINE MATTISON MOORE,KATHERINE MATTISON,MOORE
KIMBERLY D. BOWES,KIMBERLY D.,BOWES
MARGARET M. BRUCHAC,MARGARET M.,BRUCHAC
JIM SYKES,JIM,SYKES
PETER G GOULD,PETER G,GOULD
CHANTEL E. WHITE,CHANTEL E.,WHITE
NIKHIL ANAND,NIKHIL,ANAND
ADRIANA PETRYNA,ADRIANA,PETRYNA
ALI B. ALI-DINAR,ALI B.,ALI-DINAR
CAMPBELL AINSWORTH GREY,CAMPBELL AINSWORTH,GREY
LAUREN M RISTVET,LAUREN M,RISTVET
PETER J COBB,PETER J,COBB
YOKO NISHIMURA,YOKO,NISHIMURA
TIMOTHY B. POWELL,TIMOTHY B.,POWELL
