Full Name,First Name,Last Name
SAMPATH K. KANNAN,SAMPATH K.,KANNAN
MATTHEW BLAZE,MATTHEW,BLAZE
LINH THI XUAN PHAN,LINH THI XUAN,PHAN
BENJAMIN C. PIERCE,BENJAMIN C.,PIERCE
JOSEPH DEVIETTI,JOSEPH,DEVIETTI
LYLE H UNGAR,LYLE H,UNGAR
SHIVANI AGARWAL,SHIVANI,AGARWAL
SUSAN B DAVIDSON,SUSAN B,DAVIDSON
CHRISTIAN MURPHY,CHRISTIAN,MURPHY
VAL BREAZU TANNEN,VAL BREAZU,TANNEN
SCOTT WEINSTEIN,SCOTT,WEINSTEIN
ADAM D MALLY,ADAM D,MALLY
PAUL W. MCBURNEY,PAUL W.,MCBURNEY
ADAM D MALLY,ADAM D,MALLY
PAUL W. MCBURNEY,PAUL W.,MCBURNEY
STEPHAN A. ZDANCEWIC,STEPHAN A.,ZDANCEWIC
SWAPNEEL SHETH,SWAPNEEL,SHETH
STEPHAN A. ZDANCEWIC,STEPHAN A.,ZDANCEWIC
SWAPNEEL SHETH,SWAPNEEL,SHETH
CHRIS CALLISON-BURCH,CHRIS,CALLISON-BURCH
CHARLES YANG,CHARLES,YANG
LISA MIRACCHI,LISA,MIRACCHI
CAMILLO JOSE TAYLOR,CAMILLO JOSE,TAYLOR
MAX MINTZ,MAX,MINTZ
JEAN HENRI GALLIER,JEAN HENRI,GALLIER
BOON THAU LOO,BOON THAU,LOO
CHRISTIAN MURPHY,CHRISTIAN,MURPHY
STEPHEN LANE,STEPHEN,LANE
VINCENT F LIU,VINCENT F,LIU
NEIL J LUTZ,NEIL J,LUTZ
CLARK LOWDEN ERICKSON,CLARK LOWDEN,ERICKSON
NORMAN I BADLER,NORMAN I,BADLER
RAJIV GANDHI,RAJIV,GANDHI
JIANBO SHI,JIANBO,SHI
STEPHANIE WEIRICH,STEPHANIE,WEIRICH
SWAPNEEL SHETH,SWAPNEEL,SHETH
NORMAN I BADLER,NORMAN I,BADLER
ADAM D MALLY,ADAM D,MALLY
PATRICK J COZZI,PATRICK J,COZZI
STEPHEN LANE,STEPHEN,LANE
SWAPNEEL SHETH,SWAPNEEL,SHETH
INSUP LEE,INSUP,LEE
SWAPNEEL SHETH,SWAPNEEL,SHETH
SWAPNEEL SHETH,SWAPNEEL,SHETH
NADIA HENINGER,NADIA,HENINGER
ABDUSSALAM A ALAWINI,ABDUSSALAM A,ALAWINI
ADAM D MALLY,ADAM D,MALLY
ERIC EATON,ERIC,EATON
ZACHARY G. IVES,ZACHARY G.,IVES
PAUL A. YUSHKEVICH,PAUL A.,YUSHKEVICH
JUNHYONG KIM,JUNHYONG,KIM
ARVIND BHUSNURMATH,ARVIND,BHUSNURMATH
ARVIND BHUSNURMATH,ARVIND,BHUSNURMATH
MITCHELL PHILIP MARCUS,MITCHELL PHILIP,MARCUS
BONG HO KIM,BONG HO,KIM
