full name,first name,last name
AVI BARR,AVI,BARR
ROBIN PEMANTLE,ROBIN,PEMANTLE
CHRISTOPHER B CROKE,CHRISTOPHER B,CROKE
IDRIS STOVALL,IDRIS,STOVALL
AVI BARR,AVI,BARR
MICHAEL WIBMER,MICHAEL,WIBMER
YUECHENG ZHU,YUECHENG,ZHU
WILLIAM D SIMMONS,WILLIAM D,SIMMONS
TED C. K. CHINBURG,TED C. K.,CHINBURG
WILLIAM A CLEE,WILLIAM A,CLEE
PETER J MCGRATH,PETER J,MCGRATH
MAJA TASKOVIC,MAJA,TASKOVIC
ROBERT T POWERS,ROBERT T,POWERS
ANTHONY HUGHES,ANTHONY,HUGHES
DENNIS M. DETURCK,DENNIS M.,DETURCK
ALEXANDRE A KIRILLOV,ALEXANDRE A,KIRILLOV
MICHAEL WIBMER,MICHAEL,WIBMER
CHING-LI CHAI,CHING-LI,CHAI
YUECHENG ZHU,YUECHENG,ZHU
NAKIA ANTHONY RIMMER,NAKIA ANTHONY,RIMMER
HENRY TOWSNER,HENRY,TOWSNER
AVI BARR,AVI,BARR
RENATO GHINI BETTIOL,RENATO,GHINI BETTIOL
EMILY L SERGEL,EMILY L,SERGEL
JONATHAN BLOCK,JONATHAN,BLOCK
PHILIP T. GRESSMAN,PHILIP T.,GRESSMAN
DENNIS M. DETURCK,DENNIS M.,DETURCK
NAKIA ANTHONY RIMMER,NAKIA ANTHONY,RIMMER
EDWARD T CROTTY,EDWARD T,CROTTY
JAMES HAGLUND,JAMES,HAGLUND
RON DONAGI,RON,DONAGI
JUSTIN REID HILBURN,JUSTIN REID,HILBURN
MI YOUNG JANG,MI YOUNG,JANG
NAKIA ANTHONY RIMMER,NAKIA ANTHONY,RIMMER
RYAN C HYND,RYAN C,HYND
HENRY TOWSNER,HENRY,TOWSNER
HERMAN R. GLUCK,HERMAN R.,GLUCK
BRIAN WEBER,BRIAN,WEBER
DAVID HARBATER,DAVID,HARBATER
CHARLES L. EPSTEIN,CHARLES L.,EPSTEIN
EMILY L SERGEL,EMILY L,SERGEL
RANDALL D. KAMIEN,RANDALL D.,KAMIEN
IDRIS STOVALL,IDRIS,STOVALL
FLORIAN POP,FLORIAN,POP
ALEXANDRE A KIRILLOV,ALEXANDRE A,KIRILLOV
BRIAN WEBER,BRIAN,WEBER
JAMES HAGLUND,JAMES,HAGLUND
VAL BREAZU TANNEN,VAL BREAZU,TANNEN
SCOTT WEINSTEIN,SCOTT,WEINSTEIN
HERMAN R. GLUCK,HERMAN R.,GLUCK
ROBIN PEMANTLE,ROBIN,PEMANTLE
FLORIAN POP,FLORIAN,POP
SCOTT WEINSTEIN,SCOTT,WEINSTEIN
