Full Name,First Name,Last Name
MARC MEREDITH,MARC,MEREDITH
ALEX WEISIGER,ALEX,WEISIGER
LOREN C GOLDMAN,LOREN C,GOLDMAN
JUAN MANUEL LOMBERA,JUAN MANUEL,LOMBERA
DEIRDRE MARTINEZ,DEIRDRE,MARTINEZ
MIGUEL E RODRIGUEZ,MIGUEL E,RODRIGUEZ
ABIGAIL DENBURG,ABIGAIL,DENBURG
CARLY B REGINA,CARLY B,REGINA
DEBORAH L. HARROLD,DEBORAH L.,HARROLD
JEFFREY E. GREEN,JEFFREY E.,GREEN
VICTORIA GILBERT,VICTORIA,GILBERT
TULIA G. FALLETI,TULIA G.,FALLETI
RUDRA SIL,RUDRA,SIL
AVERY M GOLDSTEIN,AVERY M,GOLDSTEIN
EILEEN M. DOHERTY-SIL,EILEEN M.,DOHERTY-SIL
DORON BENJAMIN TAUSSIG,DORON BENJAMIN,TAUSSIG
MARY E SUMMERS,MARY E,SUMMERS
ADOLPH L. REED,ADOLPH L.,REED
JAMES E MORONE,JAMES E,MORONE
EDWARD G RENDELL,EDWARD G,RENDELL
MARY F ROCCO,MARY F,ROCCO
MICHAEL HOROWITZ,MICHAEL,HOROWITZ
DANIEL J. HOPKINS,DANIEL J.,HOPKINS
YUE HOU,YUE,HOU
DAWN L TEELE,DAWN L,TEELE
MARIE GOTTSCHALK,MARIE,GOTTSCHALK
ROGERS M SMITH,ROGERS M,SMITH
BRENDAN O'LEARY,BRENDAN,O'LEARY
SARA MCGUIRE,SARA,MCGUIRE
DEVESH KAPUR,DEVESH,KAPUR
MARK A POLLACK,MARK A,POLLACK
DAVID J DUTWIN,DAVID J,DUTWIN
DANIELLE HANLEY,DANIELLE,HANLEY
MATTHEW STEPHEN LEVENDUSKY,MATTHEW STEPHEN,LEVENDUSKY
BRENDAN O'LEARY,BRENDAN,O'LEARY
RICHARD SCOTT HANSON,RICHARD SCOTT,HANSON
NEIL J. LANCTOT,NEIL J.,LANCTOT
ADOLPH L. REED,ADOLPH L.,REED
ROGERS M SMITH,ROGERS M,SMITH
GUY GROSSMAN,GUY,GROSSMAN
DANIEL J. HOPKINS,DANIEL J.,HOPKINS
BETH A. SIMMONS,BETH A.,SIMMONS
MICHAEL G. HANCHARD,MICHAEL G.,HANCHARD
CATHERINE E.M. BARTCH,CATHERINE E.M.,BARTCH
CATHERINE E.M. BARTCH,CATHERINE E.M.,BARTCH
