Full Name,First Name,Last Name
CAROLINE J. CONNOLLY,CAROLINE J.,CONNOLLY
PHILIP GEHRMAN,PHILIP,GEHRMAN
JOHANNES BURGE,JOHANNES,BURGE
HARVEY J GRILL,HARVEY J,GRILL
DEBRA S. LEFKOWITZ,DEBRA S.,LEFKOWITZ
ANDREW H WARD,ANDREW H,WARD
ELIZABETH PRZYBYLINSKI,ELIZABETH,PRZYBYLINSKI
MELISSA G. HUNT,MELISSA G.,HUNT
JEREMY TYLER,JEREMY,TYLER
ALLYSON P MACKEY,ALLYSON P,MACKEY
RICHARD JOHN DI ROCCO,RICHARD JOHN,DI ROCCO
JUDITH MCLEAN,JUDITH,MCLEAN
JUDITH MCLEAN,JUDITH,MCLEAN
PAUL R. ROSENBAUM,PAUL R.,ROSENBAUM
EDWARD ROYZMAN,EDWARD,ROYZMAN
EDWARD ROYZMAN,EDWARD,ROYZMAN
ROBERT O. KURZBAN,ROBERT O.,KURZBAN
SARA JAFFEE,SARA,JAFFEE
ELIZABETH M. BRANNON,ELIZABETH M.,BRANNON
ELIZABETH PRZYBYLINSKI,ELIZABETH,PRZYBYLINSKI
CHARLES YANG,CHARLES,YANG
LISA MIRACCHI,LISA,MIRACCHI
LEELA JACKSON,LEELA,JACKSON
MICHAEL KANE,MICHAEL,KANE
RUSSELL ALAN EPSTEIN,RUSSELL ALAN,EPSTEIN
HILARY B. GERSTEIN,HILARY B.,GERSTEIN
SCOTT BARRY KAUFMAN,SCOTT BARRY,KAUFMAN
GORDON BERMANT,GORDON,BERMANT
DEENA WEISBERG,DEENA,WEISBERG
ROBERT O. KURZBAN,ROBERT O.,KURZBAN
RICHARD JOHN DI ROCCO,RICHARD JOHN,DI ROCCO
NICOLE RUST,NICOLE,RUST
MARTHA J. FARAH,MARTHA J.,FARAH
DAVID HOYT BRAINARD,DAVID HOYT,BRAINARD
MICHAEL J. KAHANA,MICHAEL J.,KAHANA
HILARY B. GERSTEIN,HILARY B.,GERSTEIN
SUDEEP BHATIA,SUDEEP,BHATIA
EDWARD ROYZMAN,EDWARD,ROYZMAN
